{
  "m_InitPos": {
    "x": 167.46461486816406,
    "y": -76.763442993164063,
    "z": -1.5780390501022339
  },
  "m_InitRot": {
    "x": -359.75283813476563,
    "y": 0.94205671548843384,
    "z": 0.4002685546875
  }
}